-- ============================================================

-- Script 02: insercion de datos finales al modelo dimensional

-- Los datos insertados corresponden a los CSV generados por el ETL
-- ============================================================

SET client_encoding = 'UTF8';
BEGIN;

-- Limpieza de tablas finales. Primero hechos, luego dimensiones.
TRUNCATE TABLE dw.fact_acceso_trafico CASCADE;
TRUNCATE TABLE dw.fact_interaccion_pagina CASCADE;
TRUNCATE TABLE dw.fact_segmentacion_actividad CASCADE;
TRUNCATE TABLE dw.fact_oferta_catalogo CASCADE;
TRUNCATE TABLE dw.dim_tiempo CASCADE;
TRUNCATE TABLE dw.dim_fuente_trafico CASCADE;
TRUNCATE TABLE dw.dim_pagina CASCADE;
TRUNCATE TABLE dw.dim_producto CASCADE;
TRUNCATE TABLE dw.dim_categoria CASCADE;
TRUNCATE TABLE dw.dim_ubicacion CASCADE;
TRUNCATE TABLE dw.dim_dispositivo CASCADE;

-- Carga de dw.dim_tiempo (1 registros)
INSERT INTO dw.dim_tiempo (sk_tiempo, fecha, dia, mes, nombre_mes, anio, periodo_analitico) VALUES
    (1, '2026-05-27'::date, 27, 5, 'Mayo', 2026, '2026-05');

-- Carga de dw.dim_fuente_trafico (18 registros)
INSERT INTO dw.dim_fuente_trafico (sk_fuente_trafico, canal_acceso, fuente_acceso, medio_original) VALUES
    (1, 'Directo', 'Acceso directo', 'none'),
    (2, 'Busqueda organica', 'Google', 'organic'),
    (3, 'Social organico', 'Facebook', 'referral'),
    (4, 'Busqueda organica', 'Bing', 'organic'),
    (5, 'Social organico', 'WhatsApp', 'referral'),
    (6, 'Referido', 'CercaClick CR', 'referral'),
    (7, 'Directo', 'No identificado', 'No identificado'),
    (8, 'Busqueda organica', 'No identificado', 'No identificado'),
    (9, 'Referido', 'No identificado', 'No identificado'),
    (10, 'No identificado', 'No identificado', 'No identificado'),
    (11, 'Directo', 'Acceso directo', 'No identificado'),
    (12, 'Busqueda organica', 'Google', 'No identificado'),
    (13, 'Social organico', 'Facebook', 'No identificado'),
    (14, 'Busqueda organica', 'Bing', 'No identificado'),
    (15, 'No identificado', 'newsletter', 'No identificado'),
    (16, 'Social organico', 'WhatsApp', 'No identificado'),
    (17, 'No identificado', 'yahoo', 'No identificado'),
    (18, 'Referido', 'CercaClick CR', 'No identificado');

-- Carga de dw.dim_pagina (92 registros)
INSERT INTO dw.dim_pagina (sk_pagina, nombre_pagina, tipo_pagina, etapa_recorrido, es_pagina_producto, url_normalizada) VALUES
    (1, 'CercaClickcr.com | Tu nuevo bazar en linea en Costa Rica', 'Otro', 'Navegacion general', 'No', 'CercaClickcr.com | Tu nuevo bazar en linea en Costa Rica'),
    (2, 'CercaClick CrCercaClickcr | Tu nuevo bazar en linea en Costa Rica', 'Otro', 'Navegacion general', 'No', 'CercaClick CrCercaClickcr | Tu nuevo bazar en linea en Costa Rica'),
    (3, 'CercaClick Cr', 'Otro', 'Navegacion general', 'No', 'CercaClick Cr'),
    (4, 'Inicio - CercaClick CrCercaClickcr: Detalles para tu hogar y mas a un click', 'Otro', 'Navegacion general', 'No', 'Inicio - CercaClick CrCercaClickcr: Detalles para tu hogar y mas a un click'),
    (5, 'Afilador de Cuchillos 4 Etapas Profesional - Precision en Cada Corte - CercaClick CrCercaClickcr: Detalles para tu hogar y mas a un click', 'Otro', 'Navegacion general', 'No', 'Afilador de Cuchillos 4 Etapas Profesional - Precision en Cada Corte - CercaClick CrCercaClickcr: Detalles para tu hogar y mas a un click'),
    (6, 'CercaClick Cr | Area de pago seguro', 'Checkout', 'Proceso de compra', 'No', 'CercaClick Cr | Area de pago seguro'),
    (7, 'CercaClick Cr: Order Status', 'Orden', 'Orden generada', 'No', 'CercaClick Cr: Order Status'),
    (8, 'Sombrilla Compacta y Resistente de Bolsillo | Compra en CercaClickcr - CercaClick CrCercaClickcr: Detalles para tu hogar y mas a un click', 'Otro', 'Navegacion general', 'No', 'Sombrilla Compacta y Resistente de Bolsillo | Compra en CercaClickcr - CercaClick CrCercaClickcr: Detalles para tu hogar y mas a un click'),
    (9, 'Tijeras de Cocina de Acero Inoxidable: Multitarea y Seguras - CercaClick CrCercaClickcr: Detalles para tu hogar y mas a un click', 'Otro', 'Navegacion general', 'No', 'Tijeras de Cocina de Acero Inoxidable: Multitarea y Seguras - CercaClick CrCercaClickcr: Detalles para tu hogar y mas a un click'),
    (10, 'Abridor Ajustable Antideslizante para Botellas y Frascos - Compralo Ahora - CercaClick CrCercaClickcr: Detalles para tu hogar y mas a un click', 'Otro', 'Navegacion general', 'No', 'Abridor Ajustable Antideslizante para Botellas y Frascos - Compralo Ahora - CercaClick CrCercaClickcr: Detalles para tu hogar y mas a un click'),
    (11, 'Acerca de - CercaClick CrCercaClickcr: Detalles para tu hogar y mas a un click', 'Informacion', 'Navegacion general', 'No', 'Acerca de - CercaClick CrCercaClickcr: Detalles para tu hogar y mas a un click'),
    (12, 'Cable USB C a USB C 120W 2M - Carga Rapida y Durabilidad - CercaClick CrCercaClickcr: Detalles para tu hogar y mas a un click', 'Otro', 'Navegacion general', 'No', 'Cable USB C a USB C 120W 2M - Carga Rapida y Durabilidad - CercaClick CrCercaClickcr: Detalles para tu hogar y mas a un click'),
    (13, 'Preguntas Frecuentes - CercaClick CrCercaClickcr: Detalles para tu hogar y mas a un click', 'Preguntas frecuentes', 'Navegacion general', 'No', 'Preguntas Frecuentes - CercaClick CrCercaClickcr: Detalles para tu hogar y mas a un click'),
    (14, 'Sombrillas Plegables Elegantes: Proteccion y Estilo - CercaClick CrCercaClickcr: Detalles para tu hogar y mas a un click', 'Otro', 'Navegacion general', 'No', 'Sombrillas Plegables Elegantes: Proteccion y Estilo - CercaClick CrCercaClickcr: Detalles para tu hogar y mas a un click'),
    (15, 'Bolso Organizador Impermeable para Cables y Accesorios - Ideal para Viajes - CercaClick CrCercaClickcr: Detalles para tu hogar y mas a un click', 'Otro', 'Navegacion general', 'No', 'Bolso Organizador Impermeable para Cables y Accesorios - Ideal para Viajes - CercaClick CrCercaClickcr: Detalles para tu hogar y mas a un click'),
    (16, 'Cable USB a USB C de Carga Rapida 120W con Pantalla - Alta Durabilidad - CercaClick CrCercaClickcr: Detalles para tu hogar y mas a un click', 'Otro', 'Navegacion general', 'No', 'Cable USB a USB C de Carga Rapida 120W con Pantalla - Alta Durabilidad - CercaClick CrCercaClickcr: Detalles para tu hogar y mas a un click'),
    (17, 'Contacto - CercaClick CrCercaClickcr: Detalles para tu hogar y mas a un click', 'Contacto', 'Navegacion general', 'No', 'Contacto - CercaClick CrCercaClickcr: Detalles para tu hogar y mas a un click'),
    (18, 'Isabella y el Jardin de los Secretos - Cuento Infantil de Babidi-bu - CercaClick CrCercaClickcr: Detalles para tu hogar y mas a un click', 'Otro', 'Navegacion general', 'No', 'Isabella y el Jardin de los Secretos - Cuento Infantil de Babidi-bu - CercaClick CrCercaClickcr: Detalles para tu hogar y mas a un click'),
    (19, 'Pinceles Multiuso para Cocina y Artes - Decoracion Precisa - CercaClick CrCercaClickcr: Detalles para tu hogar y mas a un click', 'Otro', 'Navegacion general', 'No', 'Pinceles Multiuso para Cocina y Artes - Decoracion Precisa - CercaClick CrCercaClickcr: Detalles para tu hogar y mas a un click'),
    (20, 'Recipientes Desechables Ultra Elasticos para Alimentos - Compra Ahora - CercaClick CrCercaClickcr: Detalles para tu hogar y mas a un click', 'Otro', 'Navegacion general', 'No', 'Recipientes Desechables Ultra Elasticos para Alimentos - Compra Ahora - CercaClick CrCercaClickcr: Detalles para tu hogar y mas a un click'),
    (21, 'Set Raspador Limpieza 21 Piezas - Ideal Cocinas de Induccion - CercaClick CrCercaClickcr: Detalles para tu hogar y mas a un click', 'Otro', 'Navegacion general', 'No', 'Set Raspador Limpieza 21 Piezas - Ideal Cocinas de Induccion - CercaClick CrCercaClickcr: Detalles para tu hogar y mas a un click'),
    (22, 'Set de Bases de Silicona Antiadherente para Hornear - Facilidad y Reutilizacion - CercaClick CrCercaClickcr: Detalles para tu hogar y mas a un click', 'Otro', 'Navegacion general', 'No', 'Set de Bases de Silicona Antiadherente para Hornear - Facilidad y Reutilizacion - CercaClick CrCercaClickcr: Detalles para tu hogar y mas a un click'),
    (23, 'Sombri - CercaClick Cr', 'Otro', 'Navegacion general', 'No', 'Sombri - CercaClick Cr'),
    (24, 'Sombrilla - CercaClick Cr', 'Otro', 'Navegacion general', 'No', 'Sombrilla - CercaClick Cr'),
    (25, 'Terminos y Condiciones - CercaClick CrCercaClickcr: Detalles para tu hogar y mas a un click', 'Otro', 'Navegacion general', 'No', 'Terminos y Condiciones - CercaClick CrCercaClickcr: Detalles para tu hogar y mas a un click'),
    (26, 'Tijeras de Corte Preciso para Cabello 6.5" de Acero Inoxidable - CercaClick CrCercaClickcr: Detalles para tu hogar y mas a un click', 'Otro', 'Navegacion general', 'No', 'Tijeras de Corte Preciso para Cabello 6.5" de Acero Inoxidable - CercaClick CrCercaClickcr: Detalles para tu hogar y mas a un click'),
    (27, 'Vende Rapido tus Productos Usados con Cercaclickcr.com - CercaClick CrCercaClickcr: Detalles para tu hogar y mas a un click', 'Producto', 'Interes en producto', 'Si', 'Vende Rapido tus Productos Usados con Cercaclickcr.com - CercaClick CrCercaClickcr: Detalles para tu hogar y mas a un click'),
    (28, 'Vendedores Usados - CercaClick CrCercaClickcr: Detalles para tu hogar y mas a un click', 'Otro', 'Navegacion general', 'No', 'Vendedores Usados - CercaClick CrCercaClickcr: Detalles para tu hogar y mas a un click'),
    (29, 'Organizador de Cocina Plegable Multifuncional - CercaClick CrCercaClickcr: Detalles para tu hogar y mas a un click', 'Otro', 'Navegacion general', 'No', 'Organizador de Cocina Plegable Multifuncional - CercaClick CrCercaClickcr: Detalles para tu hogar y mas a un click'),
    (30, 'Set de Ganchos Adhesivos Transparentes para Pared - CercaClick CrCercaClickcr: Detalles para tu hogar y mas a un click', 'Otro', 'Navegacion general', 'No', 'Set de Ganchos Adhesivos Transparentes para Pared - CercaClick CrCercaClickcr: Detalles para tu hogar y mas a un click'),
    (31, 'Cepillo Limpiador para Botellas y Vasos - CercaClick CrCercaClickcr: Detalles para tu hogar y mas a un click', 'Otro', 'Navegacion general', 'No', 'Cepillo Limpiador para Botellas y Vasos - CercaClick CrCercaClickcr: Detalles para tu hogar y mas a un click'),
    (32, 'Luz LED Recargable para Closet y Cocina - CercaClick CrCercaClickcr: Detalles para tu hogar y mas a un click', 'Otro', 'Navegacion general', 'No', 'Luz LED Recargable para Closet y Cocina - CercaClick CrCercaClickcr: Detalles para tu hogar y mas a un click'),
    (33, 'Bolsas Reutilizables para Compras y Almacenamiento - CercaClick CrCercaClickcr: Detalles para tu hogar y mas a un click', 'Otro', 'Navegacion general', 'No', 'Bolsas Reutilizables para Compras y Almacenamiento - CercaClick CrCercaClickcr: Detalles para tu hogar y mas a un click'),
    (34, 'Mini Selladora Portatil para Bolsas - CercaClick CrCercaClickcr: Detalles para tu hogar y mas a un click', 'Otro', 'Navegacion general', 'No', 'Mini Selladora Portatil para Bolsas - CercaClick CrCercaClickcr: Detalles para tu hogar y mas a un click'),
    (35, 'Soporte Ajustable para Celular y Tablet - CercaClick CrCercaClickcr: Detalles para tu hogar y mas a un click', 'Otro', 'Navegacion general', 'No', 'Soporte Ajustable para Celular y Tablet - CercaClick CrCercaClickcr: Detalles para tu hogar y mas a un click'),
    (36, 'Estuche Organizador de Cables y Cargadores - CercaClick CrCercaClickcr: Detalles para tu hogar y mas a un click', 'Otro', 'Navegacion general', 'No', 'Estuche Organizador de Cables y Cargadores - CercaClick CrCercaClickcr: Detalles para tu hogar y mas a un click'),
    (37, 'Protector de Silicon para Control Remoto - CercaClick CrCercaClickcr: Detalles para tu hogar y mas a un click', 'Otro', 'Navegacion general', 'No', 'Protector de Silicon para Control Remoto - CercaClick CrCercaClickcr: Detalles para tu hogar y mas a un click'),
    (38, 'Rodillo Quitapelusa Reutilizable - CercaClick CrCercaClickcr: Detalles para tu hogar y mas a un click', 'Otro', 'Navegacion general', 'No', 'Rodillo Quitapelusa Reutilizable - CercaClick CrCercaClickcr: Detalles para tu hogar y mas a un click'),
    (39, 'Set de Esponjas Limpiadoras Multiuso - CercaClick CrCercaClickcr: Detalles para tu hogar y mas a un click', 'Otro', 'Navegacion general', 'No', 'Set de Esponjas Limpiadoras Multiuso - CercaClick CrCercaClickcr: Detalles para tu hogar y mas a un click'),
    (40, 'Dispensador de Jabon Recargable para Cocina - CercaClick CrCercaClickcr: Detalles para tu hogar y mas a un click', 'Otro', 'Navegacion general', 'No', 'Dispensador de Jabon Recargable para Cocina - CercaClick CrCercaClickcr: Detalles para tu hogar y mas a un click'),
    (41, 'Inicio', 'Inicio', 'Navegacion general', 'No', '/'),
    (42, 'Inicio', 'Inicio', 'Navegacion general', 'No', '/home'),
    (43, 'Carrito', 'Carrito', 'Intencion de compra', 'No', '/cart'),
    (44, 'Busqueda', 'Busqueda', 'Exploracion', 'No', '/search'),
    (45, 'Checkout', 'Checkout', 'Proceso de compra', 'No', '/checkout'),
    (46, 'afilador de cuchillos profesional 4 etapas', 'Producto', 'Interes en producto', 'Si', '/https/wwwcercaclickcrcom/shop/p/afilador-de-cuchillos-profesional-4-etapas'),
    (47, 'sombrilla plegable compacta de bolso', 'Producto', 'Interes en producto', 'Si', '/https/wwwcercaclickcrcom/shop/p/sombrilla-plegable-compacta-de-bolso'),
    (48, 'tijeras de cocina multifuncionales de acero inoxidable', 'Producto', 'Interes en producto', 'Si', '/https/wwwcercaclickcrcom/shop/p/tijeras-de-cocina-multifuncionales-de-acero-inoxidable'),
    (49, '/about', 'Otro', 'Navegacion general', 'No', '/about'),
    (50, '/commerce/orders/2be187c9-fc4f-4276-b047-61e16a1c1c87', 'Orden', 'Orden generada', 'No', '/commerce/orders/2be187c9-fc4f-4276-b047-61e16a1c1c87'),
    (51, '/https/wwwcercaclickcrcom/shop', 'Tienda', 'Exploracion', 'No', '/https/wwwcercaclickcrcom/shop'),
    (52, 'abridor ajustable antideslizante para frascos y botellas', 'Producto', 'Interes en producto', 'Si', '/https/wwwcercaclickcrcom/shop/p/abridor-ajustable-antideslizante-para-frascos-y-botellas'),
    (53, 'sombrillas plegables elegantes', 'Producto', 'Interes en producto', 'Si', '/https/wwwcercaclickcrcom/shop/p/sombrillas-plegables-elegantes'),
    (54, '/preguntas-frecuentes', 'Preguntas frecuentes', 'Navegacion general', 'No', '/preguntas-frecuentes'),
    (55, 'Tienda', 'Tienda', 'Exploracion', 'No', '/shop'),
    (56, '/commerce/orders/a943290b-589a-419c-9a00-2c176ab9cc0d', 'Orden', 'Orden generada', 'No', '/commerce/orders/a943290b-589a-419c-9a00-2c176ab9cc0d'),
    (57, 'Contacto', 'Contacto', 'Navegacion general', 'No', '/contact'),
    (58, '/https/wwwcercaclickcrcom/shop/librera', 'Tienda', 'Exploracion', 'No', '/https/wwwcercaclickcrcom/shop/librera'),
    (59, '50 o 10 unidades de pinceles multiuso para repostera y arte', 'Producto', 'Interes en producto', 'Si', '/https/wwwcercaclickcrcom/shop/p/50-o-10-unidades-de-pinceles-multiuso-para-repostera-y-arte'),
    (60, 'bolso organizador impermeable para cables y accesorios', 'Producto', 'Interes en producto', 'Si', '/https/wwwcercaclickcrcom/shop/p/bolso-organizador-impermeable-para-cables-y-accesorios'),
    (61, 'cable usb a usb c con carga rpida 120w 2 metros 6mtfg', 'Producto', 'Interes en producto', 'Si', '/https/wwwcercaclickcrcom/shop/p/cable-usb-a-usb-c-con-carga-rpida-120w-2-metros-6mtfg'),
    (62, 'cable usb c a usb c alta velocidad 120w 2m', 'Producto', 'Interes en producto', 'Si', '/https/wwwcercaclickcrcom/shop/p/cable-usb-c-a-usb-c-alta-velocidad-120w-2m'),
    (63, 'cable usb c a usb c alta velocidad 120w 2m sswhe', 'Tienda', 'Exploracion', 'No', '/https/wwwcercaclickcrcom/shop/p/cable-usb-c-a-usb-c-alta-velocidad-120w-2m-sswhe'),
    (64, 'libro infantil isabella y el jardn de los secretos', 'Producto', 'Interes en producto', 'Si', '/https/wwwcercaclickcrcom/shop/p/libro-infantil-isabella-y-el-jardn-de-los-secretos'),
    (65, 'recipientes desechables ultra elsticos para conservacin de alimentos', 'Producto', 'Interes en producto', 'Si', '/https/wwwcercaclickcrcom/shop/p/recipientes-desechables-ultra-elsticos-para-conservacin-de-alimentos'),
    (66, 'set de bases de silicona antiadherente para hornear 3 piezas', 'Producto', 'Interes en producto', 'Si', '/https/wwwcercaclickcrcom/shop/p/set-de-bases-de-silicona-antiadherente-para-hornear-3-piezas'),
    (67, 'set de raspador de limpieza 21 piezas', 'Producto', 'Interes en producto', 'Si', '/https/wwwcercaclickcrcom/shop/p/set-de-raspador-de-limpieza-21-piezas'),
    (68, 'tijeras de corte preciso para cabello 65 pulgadas', 'Producto', 'Interes en producto', 'Si', '/https/wwwcercaclickcrcom/shop/p/tijeras-de-corte-preciso-para-cabello-65-pulgadas'),
    (69, '/pagina-nueva-2', 'Otro', 'Navegacion general', 'No', '/pagina-nueva-2'),
    (70, '/services-store/p/servicio-de-venta-de-productos-usados-con-cercaclickcrcom', 'Producto', 'Interes en producto', 'Si', '/services-store/p/servicio-de-venta-de-productos-usados-con-cercaclickcrcom'),
    (71, '/vendedores-usados', 'Otro', 'Navegacion general', 'No', '/vendedores-usados'),
    (72, '/categorias/hogar', 'Tienda', 'Exploracion', 'No', '/categorias/hogar'),
    (73, '/categorias/tecnologia', 'Tienda', 'Exploracion', 'No', '/categorias/tecnologia'),
    (74, '/categorias/accesorios', 'Tienda', 'Exploracion', 'No', '/categorias/accesorios'),
    (75, '/ofertas', 'Otro', 'Navegacion general', 'No', '/ofertas'),
    (76, '/como-comprar', 'Otro', 'Navegacion general', 'No', '/como-comprar'),
    (77, '/politicas-de-envio', 'Otro', 'Navegacion general', 'No', '/politicas-de-envio'),
    (78, '/vender-en-cercaclick', 'Otro', 'Navegacion general', 'No', '/vender-en-cercaclick'),
    (79, 'organizador de cocina plegable multifuncional', 'Producto', 'Interes en producto', 'Si', '/https/wwwcercaclickcrcom/shop/p/organizador-de-cocina-plegable-multifuncional'),
    (80, 'set de ganchos adhesivos transparentes para pared', 'Producto', 'Interes en producto', 'Si', '/https/wwwcercaclickcrcom/shop/p/set-de-ganchos-adhesivos-transparentes-para-pared'),
    (81, 'cepillo limpiador para botellas y vasos', 'Producto', 'Interes en producto', 'Si', '/https/wwwcercaclickcrcom/shop/p/cepillo-limpiador-para-botellas-y-vasos'),
    (82, 'luz led recargable para closet y cocina', 'Producto', 'Interes en producto', 'Si', '/https/wwwcercaclickcrcom/shop/p/luz-led-recargable-para-closet-y-cocina'),
    (83, 'bolsas reutilizables para compras y almacenamiento', 'Producto', 'Interes en producto', 'Si', '/https/wwwcercaclickcrcom/shop/p/bolsas-reutilizables-para-compras-y-almacenamiento'),
    (84, 'mini selladora portatil para bolsas', 'Producto', 'Interes en producto', 'Si', '/https/wwwcercaclickcrcom/shop/p/mini-selladora-portatil-para-bolsas'),
    (85, 'soporte ajustable para celular y tablet', 'Producto', 'Interes en producto', 'Si', '/https/wwwcercaclickcrcom/shop/p/soporte-ajustable-para-celular-y-tablet'),
    (86, 'estuche organizador de cables y cargadores', 'Producto', 'Interes en producto', 'Si', '/https/wwwcercaclickcrcom/shop/p/estuche-organizador-de-cables-y-cargadores'),
    (87, 'protector de silicon para control remoto', 'Producto', 'Interes en producto', 'Si', '/https/wwwcercaclickcrcom/shop/p/protector-de-silicon-para-control-remoto'),
    (88, 'rodillo quitapelusa reutilizable', 'Producto', 'Interes en producto', 'Si', '/https/wwwcercaclickcrcom/shop/p/rodillo-quitapelusa-reutilizable'),
    (89, 'set de esponjas limpiadoras multiuso', 'Producto', 'Interes en producto', 'Si', '/https/wwwcercaclickcrcom/shop/p/set-de-esponjas-limpiadoras-multiuso'),
    (90, 'dispensador de jabon recargable para cocina', 'Producto', 'Interes en producto', 'Si', '/https/wwwcercaclickcrcom/shop/p/dispensador-de-jabon-recargable-para-cocina'),
    (91, 'adorable rollo de 500 pegatinas animalitos del bosque o gatitos', 'Producto', 'Interes en producto', 'Si', '/https/wwwcercaclickcrcom/shop/p/adorable-rollo-de-500-pegatinas-animalitos-del-bosque-o-gatitos'),
    (92, 'paquete de 100 bandas elsticas multicolor para cabello', 'Producto', 'Interes en producto', 'Si', '/https/wwwcercaclickcrcom/shop/p/paquete-de-100-bandas-elsticas-multicolor-para-cabello');

-- Carga de dw.dim_producto (67 registros)
INSERT INTO dw.dim_producto (sk_producto, producto_id_origen, nombre_producto, nombre_normalizado, estado_producto, tipo_catalogo) VALUES
    (1, 'NO_APLICA', 'No aplica', 'no_aplica', 'No aplica', 'No aplica'),
    (2, 'P001', 'Medias de Compresion Negras Unisex', 'medias-de-compresion-negras-unisex', 'Publicado', 'Catalogo principal'),
    (3, 'P002', 'Medias de Compresion para Enfermeria - Talla S/M', 'medias-de-compresion-para-enfermeria-talla-s-m', 'Publicado', 'Catalogo principal'),
    (4, 'P003', 'Mascarilla Anatomica para Dormir', 'mascarilla-anatomica-para-dormir', 'Publicado', 'Catalogo principal'),
    (5, 'P004', 'Auriculares Conferencia Bluetooth', 'auriculares-conferencia-bluetooth', 'Publicado', 'Catalogo principal'),
    (6, 'P005', 'Sombrilla Compacta Multifuncional', 'sombrilla-compacta-multifuncional', 'Publicado', 'Catalogo principal'),
    (7, 'P006', 'Mochila Cruzada Elegante y Compacta', 'mochila-cruzada-elegante-y-compacta', 'Publicado', 'Catalogo principal'),
    (8, 'P007', 'Bolso Compacto Must-Have', 'bolso-compacto-must-have', 'Publicado', 'Catalogo principal'),
    (9, 'P008', 'Kit Compacto Sellado al Vacio USB', 'kit-compacto-sellado-al-vacio-usb', 'Publicado', 'Catalogo principal'),
    (10, 'P009', 'Repelente de Insectos Portatil y Elegante', 'repelente-de-insectos-portatil-y-elegante', 'Publicado', 'Catalogo principal'),
    (11, 'P010', 'Adorable Ollita Temporizador de Cocina', 'adorable-ollita-temporizador-de-cocina', 'Publicado', 'Catalogo principal'),
    (12, 'P011', 'Pistola de Pegamento Termofusible Inalambrica Recargable', 'pistola-de-pegamento-termofusible-inalambrica-recargable', 'Publicado', 'Catalogo principal'),
    (13, 'P012', 'Regleta de Alimentacion Multitoma de 11 Puertos con USB PD', 'regleta-de-alimentacion-multitoma-de-11-puertos-con-usb-pd', 'Publicado', 'Catalogo principal'),
    (14, 'P013', 'Regleta de Alimentacion 12 Puertos USB PD', 'regleta-de-alimentacion-12-puertos-usb-pd', 'Publicado', 'Catalogo principal'),
    (15, 'P014', '50 o 10 unidades de Pinceles Multiuso para Reposteria y Arte', '50-o-10-unidades-de-pinceles-multiuso-para-reposteria-y-arte', 'Publicado', 'Catalogo principal'),
    (16, 'P015', 'Pistola Profesional de Silicona Recargable', 'pistola-profesional-de-silicona-recargable', 'Publicado', 'Catalogo principal'),
    (17, 'P016', 'Kit de Manualidades de Pintura Escolar', 'kit-de-manualidades-de-pintura-escolar', 'Publicado', 'Catalogo principal'),
    (18, 'P017', 'Cable USB C a USB C Alta Velocidad 120W 1.5m', 'cable-usb-c-a-usb-c-alta-velocidad-120w-1-5m', 'Publicado', 'Catalogo principal'),
    (19, 'P018', 'Cable USB a USB C con Carga Rapida 120W 1.5 metros', 'cable-usb-a-usb-c-con-carga-rapida-120w-1-5-metros', 'Publicado', 'Catalogo principal'),
    (20, 'P019', 'Cable USB a USB C con Carga Rapida 120W 2 metros', 'cable-usb-a-usb-c-con-carga-rapida-120w-2-metros', 'Publicado', 'Catalogo principal'),
    (21, 'P020', 'Adaptador USB C Hub 8 en 1 multifuncion', 'adaptador-usb-c-hub-8-en-1-multifuncion', 'Publicado', 'Catalogo principal'),
    (22, 'P021', 'Protector Antisalpicaduras de Silicona para Grifo', 'protector-antisalpicaduras-de-silicona-para-grifo', 'Publicado', 'Catalogo principal'),
    (23, 'P022', 'Set de Raspador de Limpieza - 21 Piezas', 'set-de-raspador-de-limpieza-21-piezas', 'Publicado', 'Catalogo principal'),
    (24, 'P023', '60 Clips Pequenos Multiproposito de Alta Calidad', '60-clips-pequenos-multiproposito-de-alta-calidad', 'Publicado', 'Catalogo principal'),
    (25, 'P024', 'Cinta Metrica Retractil Portatil', 'cinta-metrica-retractil-portatil', 'Publicado', 'Catalogo principal'),
    (26, 'P025', 'Colador de Silicona con Clip de Presion', 'colador-de-silicona-con-clip-de-presion', 'Publicado', 'Catalogo principal'),
    (27, 'P026', 'Sombrilla Plegable Compacta de Bolso', 'sombrilla-plegable-compacta-de-bolso', 'Publicado', 'Catalogo principal'),
    (28, 'P027', 'Tijeras de Cocina Multifuncionales de Acero Inoxidable', 'tijeras-de-cocina-multifuncionales-de-acero-inoxidable', 'Publicado', 'Catalogo principal'),
    (29, 'P028', 'Libro Infantil Isabella y el Jardin de los Secretos', 'libro-infantil-isabella-y-el-jardin-de-los-secretos', 'Publicado', 'Catalogo principal'),
    (30, 'P029', 'Paquete de 5 Lapices Arcoiris Multicolor', 'paquete-de-5-lapices-arcoiris-multicolor', 'Publicado', 'Catalogo principal'),
    (31, 'P030', 'Afilador de Cuchillos Profesional 4 Etapas', 'afilador-de-cuchillos-profesional-4-etapas', 'Publicado', 'Catalogo principal'),
    (32, 'P031', 'Paquete de 100 Bandas Elasticas Multicolor para Cabello', 'paquete-de-100-bandas-elasticas-multicolor-para-cabello', 'Publicado', 'Catalogo principal'),
    (33, 'P032', 'Cepillo de Peinado Ergonomico 2 en 1', 'cepillo-de-peinado-ergonomico-2-en-1', 'Publicado', 'Catalogo principal'),
    (34, 'P033', 'Recipientes Desechables Ultra Elasticos para Conservacion de Alimentos', 'recipientes-desechables-ultra-elasticos-para-conservacion-de-alimentos', 'Publicado', 'Catalogo principal'),
    (35, 'P034', 'Prensa de Ajos Multiusos de Acero Inoxidable', 'prensa-de-ajos-multiusos-de-acero-inoxidable', 'Publicado', 'Catalogo principal'),
    (36, 'P035', 'Set Profesional de Pinzas Cosmeticas Acero Inoxidable 4 Piezas', 'set-profesional-de-pinzas-cosmeticas-acero-inoxidable-4-piezas', 'Publicado', 'Catalogo principal'),
    (37, 'P036', 'Tapete de Salida de Bano Viscoelastico Antideslizante', 'tapete-de-salida-de-bano-viscoelastico-antideslizante', 'Publicado', 'Catalogo principal'),
    (38, 'P037', 'Set de Bases de Silicona Antiadherente para Hornear - 3 piezas', 'set-de-bases-de-silicona-antiadherente-para-hornear-3-piezas', 'Publicado', 'Catalogo principal'),
    (39, 'P038', 'Spray Mister de Aceite 200 ml', 'spray-mister-de-aceite-200-ml', 'Publicado', 'Catalogo principal'),
    (40, 'P039', 'Brocha Rosada Retractil Multifuncional para Maquillaje', 'brocha-rosada-retractil-multifuncional-para-maquillaje', 'Publicado', 'Catalogo principal'),
    (41, 'P040', 'Abridor Ajustable Antideslizante para Frascos y Botellas', 'abridor-ajustable-antideslizante-para-frascos-y-botellas', 'Publicado', 'Catalogo principal'),
    (42, 'P041', 'Vaso Termico de Acero Inoxidable 800 ml con Pajilla y Mango Ergonomico', 'vaso-termico-de-acero-inoxidable-800-ml-con-pajilla-y-mango-ergonomico', 'Publicado', 'Catalogo principal'),
    (43, 'P042', 'Bolso Organizador Impermeable para Cables y Accesorios', 'bolso-organizador-impermeable-para-cables-y-accesorios', 'Publicado', 'Catalogo principal'),
    (44, 'P043', 'Mochila Cruzada Compacta Unisex', 'mochila-cruzada-compacta-unisex', 'Publicado', 'Catalogo principal'),
    (45, 'P044', 'Termo Clasico de Acero Inoxidable 700 ml', 'termo-clasico-de-acero-inoxidable-700-ml', 'Publicado', 'Catalogo principal'),
    (46, 'P045', 'Termo Elegance de Acero Inoxidable 600 ml', 'termo-elegance-de-acero-inoxidable-600-ml', 'Publicado', 'Catalogo principal'),
    (47, 'P046', 'Cerradura de Equipaje TSA Elegante y Resistente', 'cerradura-de-equipaje-tsa-elegante-y-resistente', 'Publicado', 'Catalogo principal'),
    (48, 'P047', 'Adorable Rollo de 500 Pegatinas Animalitos del Bosque o Gatitos', 'adorable-rollo-de-500-pegatinas-animalitos-del-bosque-o-gatitos', 'Publicado', 'Catalogo principal'),
    (49, 'P048', 'Paquete de 3 Tijeras Ultraafiladas Multicolor', 'paquete-de-3-tijeras-ultraafiladas-multicolor', 'Publicado', 'Catalogo principal'),
    (50, 'P049', 'Tijeras de Corte Preciso para Cabello 6.5 pulgadas', 'tijeras-de-corte-preciso-para-cabello-6-5-pulgadas', 'Publicado', 'Catalogo principal'),
    (51, 'P050', 'Juego de Manicure Profesional - 16 Piezas en Acero Inoxidable', 'juego-de-manicure-profesional-16-piezas-en-acero-inoxidable', 'Publicado', 'Catalogo principal'),
    (52, 'P051', 'Sombrillas Plegables Elegantes', 'sombrillas-plegables-elegantes', 'Publicado', 'Catalogo principal'),
    (53, 'P052', 'Bascula Digital Compacta para Alimentos', 'bascula-digital-compacta-para-alimentos', 'Publicado', 'Catalogo principal'),
    (54, 'P053', 'Cable USB C a USB C Alta Velocidad 120W 2M', 'cable-usb-c-a-usb-c-alta-velocidad-120w-2m', 'Publicado', 'Catalogo principal'),
    (55, 'P054', 'Mini Telescopio Monocular de Alta Potencia', 'mini-telescopio-monocular-de-alta-potencia', 'Publicado', 'Catalogo principal'),
    (56, 'P055', 'Organizador de Cocina Plegable Multifuncional', 'organizador-de-cocina-plegable-multifuncional', 'Publicado', 'Catalogo principal'),
    (57, 'P056', 'Set de Ganchos Adhesivos Transparentes para Pared', 'set-de-ganchos-adhesivos-transparentes-para-pared', 'Publicado', 'Catalogo principal'),
    (58, 'P057', 'Cepillo Limpiador para Botellas y Vasos', 'cepillo-limpiador-para-botellas-y-vasos', 'Publicado', 'Catalogo principal'),
    (59, 'P058', 'Luz LED Recargable para Closet y Cocina', 'luz-led-recargable-para-closet-y-cocina', 'Publicado', 'Catalogo principal'),
    (60, 'P059', 'Bolsas Reutilizables para Compras y Almacenamiento', 'bolsas-reutilizables-para-compras-y-almacenamiento', 'Publicado', 'Catalogo principal'),
    (61, 'P060', 'Mini Selladora Portatil para Bolsas', 'mini-selladora-portatil-para-bolsas', 'Publicado', 'Catalogo principal'),
    (62, 'P061', 'Soporte Ajustable para Celular y Tablet', 'soporte-ajustable-para-celular-y-tablet', 'Publicado', 'Catalogo principal'),
    (63, 'P062', 'Estuche Organizador de Cables y Cargadores', 'estuche-organizador-de-cables-y-cargadores', 'Publicado', 'Catalogo principal'),
    (64, 'P063', 'Protector de Silicon para Control Remoto', 'protector-de-silicon-para-control-remoto', 'Publicado', 'Catalogo principal'),
    (65, 'P064', 'Rodillo Quitapelusa Reutilizable', 'rodillo-quitapelusa-reutilizable', 'Publicado', 'Catalogo principal'),
    (66, 'P065', 'Set de Esponjas Limpiadoras Multiuso', 'set-de-esponjas-limpiadoras-multiuso', 'Publicado', 'Catalogo principal'),
    (67, 'P066', 'Dispensador de Jabon Recargable para Cocina', 'dispensador-de-jabon-recargable-para-cocina', 'Publicado', 'Catalogo principal');

-- Carga de dw.dim_categoria (10 registros)
INSERT INTO dw.dim_categoria (sk_categoria, nombre_categoria) VALUES
    (1, 'Belleza'),
    (2, 'Accesorios'),
    (3, 'Electronica'),
    (4, 'Hogar'),
    (5, 'Cocina'),
    (6, 'Herramientas'),
    (7, 'Arte'),
    (8, 'Pasteleria'),
    (9, 'Oficina'),
    (10, 'Libreria');

-- Carga de dw.dim_ubicacion (36 registros)
INSERT INTO dw.dim_ubicacion (sk_ubicacion, pais, ubicacion_reportada, tipo_ubicacion, es_costa_rica) VALUES
    (1, 'Costa Rica', 'Cartago', 'Ubicacion reportada', 'Si'),
    (2, 'Costa Rica', 'San Jose', 'Ubicacion reportada', 'Si'),
    (3, 'Costa Rica', 'Alajuela', 'Ubicacion reportada', 'Si'),
    (4, 'Costa Rica', 'Heredia', 'Ubicacion reportada', 'Si'),
    (5, 'Costa Rica', 'Desamparados', 'Ubicacion reportada', 'Si'),
    (6, 'Costa Rica', 'Guadalupe', 'Ubicacion reportada', 'Si'),
    (7, 'Costa Rica', 'Paraiso', 'Ubicacion reportada', 'Si'),
    (8, 'Costa Rica', 'San Pablo', 'Ubicacion reportada', 'Si'),
    (9, 'Costa Rica', 'Escazu', 'Ubicacion reportada', 'Si'),
    (10, 'Costa Rica', 'Curridabat', 'Ubicacion reportada', 'Si'),
    (11, 'Costa Rica', 'Tres Rios', 'Ubicacion reportada', 'Si'),
    (12, 'Costa Rica', 'Turrialba', 'Ubicacion reportada', 'Si'),
    (13, 'Costa Rica', 'Puntarenas', 'Ubicacion reportada', 'Si'),
    (14, 'Costa Rica', 'Liberia', 'Ubicacion reportada', 'Si'),
    (15, 'Costa Rica', 'Limon', 'Ubicacion reportada', 'Si'),
    (16, 'Costa Rica', 'Costa Rica', 'Ubicacion reportada', 'Si'),
    (17, 'Estados Unidos', 'United States', 'Ciudad reportada', 'No'),
    (18, 'Mexico', 'Mexico', 'Ciudad reportada', 'No'),
    (19, 'Nicaragua', 'Nicaragua', 'Ciudad reportada', 'No'),
    (20, 'Panama', 'Panama', 'Ciudad reportada', 'No'),
    (21, 'Espana', 'Spain', 'Ciudad reportada', 'No'),
    (22, 'Germany', 'Germany', 'Ciudad reportada', 'No'),
    (23, 'France', 'France', 'Ciudad reportada', 'No'),
    (24, 'Reino Unido', 'United Kingdom', 'Ciudad reportada', 'No'),
    (25, 'Poland', 'Warsaw', 'Ciudad reportada', 'No'),
    (26, 'Estados Unidos', 'Denver', 'Ciudad reportada', 'No'),
    (27, 'France', 'Strasbourg', 'Ciudad reportada', 'No'),
    (28, 'Germany', 'Frankfurt am Main', 'Ciudad reportada', 'No'),
    (29, 'Mexico', 'Mexico City', 'Ciudad reportada', 'No'),
    (30, 'Panama', 'Panama City', 'Ciudad reportada', 'No'),
    (31, 'Nicaragua', 'Managua', 'Ciudad reportada', 'No'),
    (32, 'Espana', 'Madrid', 'Ciudad reportada', 'No'),
    (33, 'Costa Rica', 'Moravia', 'Ubicacion reportada', 'Si'),
    (34, 'Costa Rica', 'Santa Ana', 'Ubicacion reportada', 'Si'),
    (35, 'Costa Rica', 'Aserri', 'Ubicacion reportada', 'Si'),
    (36, 'Costa Rica', 'Oreamuno', 'Ubicacion reportada', 'Si');

-- Carga de dw.dim_dispositivo (4 registros)
INSERT INTO dw.dim_dispositivo (sk_dispositivo, categoria_dispositivo) VALUES
    (1, 'No identificado'),
    (2, 'Movil'),
    (3, 'Escritorio'),
    (4, 'Tableta');

-- Carga de dw.fact_acceso_trafico (25 registros)
INSERT INTO dw.fact_acceso_trafico (sk_fact_acceso_trafico, sk_tiempo, sk_fuente_trafico, sesiones, usuarios_activos, usuarios_nuevos) VALUES
    (1, 1, 1, 0, 31, 0),
    (2, 1, 2, 0, 18, 0),
    (3, 1, 3, 0, 12, 0),
    (4, 1, 4, 0, 7, 0),
    (5, 1, 5, 0, 4, 0),
    (6, 1, 6, 0, 2, 0),
    (7, 1, 1, 42, 0, 0),
    (8, 1, 2, 23, 0, 0),
    (9, 1, 3, 18, 0, 0),
    (10, 1, 4, 9, 0, 0),
    (11, 1, 5, 6, 0, 0),
    (12, 1, 6, 3, 0, 0),
    (13, 1, 7, 0, 0, 32),
    (14, 1, 8, 0, 0, 17),
    (15, 1, 9, 0, 0, 9),
    (16, 1, 8, 0, 0, 8),
    (17, 1, 10, 0, 0, 4),
    (18, 1, 11, 42, 0, 0),
    (19, 1, 12, 23, 0, 0),
    (20, 1, 13, 18, 0, 0),
    (21, 1, 14, 9, 0, 0),
    (22, 1, 15, 7, 0, 0),
    (23, 1, 16, 6, 0, 0),
    (24, 1, 17, 4, 0, 0),
    (25, 1, 18, 3, 0, 0);

-- Carga de dw.fact_interaccion_pagina (201 registros)
INSERT INTO dw.fact_interaccion_pagina (sk_fact_interaccion_pagina, sk_tiempo, sk_pagina, sk_producto, vistas, eventos, eventos_clave, tiempo_medio_segundos, impresiones_organicas) VALUES
    (1, 1, 1, 1, 40, 119, 0, 0, 0),
    (2, 1, 2, 1, 24, 65, 0, 0, 0),
    (3, 1, 3, 1, 13, 29, 0, 0, 0),
    (4, 1, 4, 1, 9, 27, 0, 0, 0),
    (5, 1, 5, 1, 3, 7, 0, 0, 0),
    (6, 1, 6, 1, 3, 10, 0, 0, 0),
    (7, 1, 7, 1, 3, 8, 0, 0, 0),
    (8, 1, 8, 1, 3, 8, 0, 0, 0),
    (9, 1, 9, 1, 3, 10, 0, 0, 0),
    (10, 1, 10, 1, 2, 6, 0, 0, 0),
    (11, 1, 11, 1, 2, 5, 0, 0, 0),
    (12, 1, 12, 1, 2, 6, 0, 0, 0),
    (13, 1, 13, 1, 2, 5, 0, 0, 0),
    (14, 1, 14, 1, 2, 4, 0, 0, 0),
    (15, 1, 15, 1, 1, 2, 0, 0, 0),
    (16, 1, 16, 1, 1, 2, 0, 0, 0),
    (17, 1, 17, 1, 1, 4, 0, 0, 0),
    (18, 1, 18, 1, 1, 1, 0, 0, 0),
    (19, 1, 19, 1, 1, 2, 0, 0, 0),
    (20, 1, 20, 1, 1, 4, 0, 0, 0),
    (21, 1, 21, 1, 1, 2, 0, 0, 0),
    (22, 1, 22, 1, 1, 3, 0, 0, 0),
    (23, 1, 23, 1, 1, 3, 0, 0, 0),
    (24, 1, 24, 1, 1, 2, 0, 0, 0),
    (25, 1, 25, 1, 1, 4, 0, 0, 0),
    (26, 1, 26, 1, 1, 4, 0, 0, 0),
    (27, 1, 27, 1, 1, 3, 0, 0, 0),
    (28, 1, 28, 1, 1, 3, 0, 0, 0),
    (29, 1, 29, 1, 8, 18, 0, 0, 0),
    (30, 1, 30, 1, 7, 15, 0, 0, 0),
    (31, 1, 31, 1, 6, 13, 0, 0, 0),
    (32, 1, 32, 1, 6, 14, 0, 0, 0),
    (33, 1, 33, 1, 5, 10, 0, 0, 0),
    (34, 1, 34, 1, 5, 9, 0, 0, 0),
    (35, 1, 35, 1, 4, 7, 0, 0, 0),
    (36, 1, 36, 1, 4, 7, 0, 0, 0),
    (37, 1, 37, 1, 3, 5, 0, 0, 0),
    (38, 1, 38, 1, 3, 5, 0, 0, 0),
    (39, 1, 39, 1, 3, 4, 0, 0, 0),
    (40, 1, 40, 1, 2, 3, 0, 0, 0),
    (41, 1, 41, 1, 61, 176, 0, 35.07692307692308, 0),
    (42, 1, 42, 1, 9, 27, 0, 125.33333333333333, 0),
    (43, 1, 43, 1, 7, 17, 0, 20.5, 0),
    (44, 1, 44, 1, 6, 12, 0, 5, 0),
    (45, 1, 45, 1, 3, 10, 0, 264.5, 0),
    (46, 1, 46, 31, 3, 7, 0, 6, 0),
    (47, 1, 47, 27, 3, 8, 0, 4, 0),
    (48, 1, 48, 28, 3, 10, 0, 241, 0),
    (49, 1, 49, 1, 2, 5, 0, 1.5, 0),
    (50, 1, 50, 1, 2, 4, 1, 20, 0),
    (51, 1, 51, 1, 2, 6, 0, 3, 0),
    (52, 1, 52, 41, 2, 6, 0, 8, 0),
    (53, 1, 53, 52, 2, 4, 0, 5, 0),
    (54, 1, 54, 1, 2, 5, 0, 0, 0),
    (55, 1, 55, 1, 2, 5, 0, 9, 0),
    (56, 1, 56, 1, 1, 4, 1, 103, 0),
    (57, 1, 57, 1, 1, 4, 0, 3, 0),
    (58, 1, 58, 1, 1, 2, 0, 5, 0),
    (59, 1, 59, 15, 1, 2, 0, 3, 0),
    (60, 1, 60, 43, 1, 2, 0, 1, 0),
    (61, 1, 61, 20, 1, 2, 0, 11, 0),
    (62, 1, 62, 54, 1, 4, 0, 1, 0),
    (63, 1, 63, 1, 1, 2, 0, 20, 0),
    (64, 1, 64, 29, 1, 1, 0, 0, 0),
    (65, 1, 65, 34, 1, 4, 0, 68, 0),
    (66, 1, 66, 38, 1, 3, 0, 1, 0),
    (67, 1, 67, 23, 1, 2, 0, 26, 0),
    (68, 1, 68, 50, 1, 4, 0, 2, 0),
    (69, 1, 69, 1, 1, 4, 0, 1, 0),
    (70, 1, 70, 1, 1, 3, 0, 3, 0),
    (71, 1, 71, 1, 1, 3, 0, 6, 0),
    (72, 1, 72, 1, 6, 13, 0, 37, 0),
    (73, 1, 73, 1, 5, 11, 0, 32, 0),
    (74, 1, 74, 1, 5, 10, 0, 28, 0),
    (75, 1, 75, 1, 6, 12, 0, 24, 0),
    (76, 1, 76, 1, 4, 8, 0, 41, 0),
    (77, 1, 77, 1, 3, 6, 0, 33, 0),
    (78, 1, 78, 1, 3, 7, 0, 58, 0),
    (79, 1, 79, 56, 6, 13, 0, 45, 0),
    (80, 1, 80, 57, 5, 10, 0, 31, 0),
    (81, 1, 81, 58, 5, 9, 0, 28, 0),
    (82, 1, 82, 59, 4, 8, 0, 36, 0),
    (83, 1, 83, 60, 4, 7, 0, 25, 0),
    (84, 1, 84, 61, 3, 6, 0, 22, 0),
    (85, 1, 85, 62, 3, 5, 0, 20, 0),
    (86, 1, 86, 63, 3, 5, 0, 18, 0),
    (87, 1, 87, 64, 2, 4, 0, 16, 0),
    (88, 1, 88, 65, 2, 3, 0, 14, 0),
    (89, 1, 41, 1, 0, 0, 0, 28.5, 0),
    (90, 1, 42, 1, 0, 0, 0, 74.2, 0),
    (91, 1, 55, 1, 0, 0, 0, 42.8, 0),
    (92, 1, 44, 1, 0, 0, 0, 18.5, 0),
    (93, 1, 43, 1, 0, 0, 0, 20.5, 0),
    (94, 1, 45, 1, 0, 0, 1, 264.5, 0),
    (95, 1, 51, 1, 0, 0, 1, 302.5, 0),
    (96, 1, 54, 1, 0, 0, 0, 15, 0),
    (97, 1, 49, 1, 0, 0, 0, 12, 0),
    (98, 1, 57, 1, 0, 0, 0, 20, 0),
    (99, 1, 48, 28, 0, 0, 1, 281.6666666666667, 0),
    (100, 1, 47, 27, 0, 0, 0, 35, 0),
    (101, 1, 62, 54, 0, 0, 0, 25, 0),
    (102, 1, 52, 41, 0, 0, 0, 16, 0),
    (103, 1, 71, 1, 0, 0, 0, 22, 0),
    (104, 1, 70, 1, 0, 0, 0, 30, 0),
    (105, 1, 72, 1, 0, 0, 0, 37, 0),
    (106, 1, 73, 1, 0, 0, 0, 32, 0),
    (107, 1, 74, 1, 0, 0, 0, 28, 0),
    (108, 1, 75, 1, 0, 0, 0, 24, 0),
    (109, 1, 76, 1, 0, 0, 0, 41, 0),
    (110, 1, 77, 1, 0, 0, 0, 33, 0),
    (111, 1, 78, 1, 0, 0, 0, 58, 0),
    (112, 1, 79, 56, 0, 0, 1, 45, 0),
    (113, 1, 80, 57, 0, 0, 0, 31, 0),
    (114, 1, 81, 58, 0, 0, 0, 28, 0),
    (115, 1, 82, 59, 0, 0, 1, 36, 0),
    (116, 1, 83, 60, 0, 0, 0, 25, 0),
    (117, 1, 84, 61, 0, 0, 0, 22, 0),
    (118, 1, 85, 62, 0, 0, 0, 20, 0),
    (119, 1, 86, 63, 0, 0, 0, 18, 0),
    (120, 1, 87, 64, 0, 0, 0, 16, 0),
    (121, 1, 88, 65, 0, 0, 0, 14, 0),
    (122, 1, 41, 1, 55, 160, 0, 35.07692307692308, 0),
    (123, 1, 42, 1, 15, 38, 0, 125.33333333333333, 0),
    (124, 1, 55, 1, 12, 26, 0, 38, 0),
    (125, 1, 44, 1, 10, 20, 0, 12, 0),
    (126, 1, 43, 1, 8, 18, 0, 20.5, 0),
    (127, 1, 45, 1, 5, 12, 1, 264.5, 0),
    (128, 1, 49, 1, 4, 8, 0, 16, 0),
    (129, 1, 57, 1, 4, 9, 0, 18, 0),
    (130, 1, 54, 1, 4, 8, 0, 10, 0),
    (131, 1, 71, 1, 3, 6, 0, 24, 0),
    (132, 1, 70, 1, 3, 6, 0, 30, 0),
    (133, 1, 51, 1, 6, 12, 0, 20, 0),
    (134, 1, 58, 1, 3, 5, 0, 15, 0),
    (135, 1, 46, 31, 5, 10, 0, 18, 0),
    (136, 1, 47, 27, 5, 11, 0, 20, 0),
    (137, 1, 48, 28, 4, 10, 1, 241, 0),
    (138, 1, 52, 41, 4, 8, 0, 22, 0),
    (139, 1, 62, 54, 4, 7, 0, 20, 0),
    (140, 1, 61, 20, 3, 6, 0, 18, 0),
    (141, 1, 60, 43, 3, 5, 0, 12, 0),
    (142, 1, 67, 23, 3, 6, 0, 26, 0),
    (143, 1, 66, 38, 3, 5, 0, 14, 0),
    (144, 1, 65, 34, 3, 6, 0, 20, 0),
    (145, 1, 64, 29, 2, 3, 0, 8, 0),
    (146, 1, 68, 50, 2, 4, 0, 10, 0),
    (147, 1, 69, 1, 2, 4, 0, 5, 0),
    (148, 1, 50, 1, 2, 4, 1, 20, 0),
    (149, 1, 56, 1, 1, 4, 1, 103, 0),
    (150, 1, 72, 1, 6, 13, 0, 37, 0),
    (151, 1, 73, 1, 5, 11, 0, 32, 0),
    (152, 1, 74, 1, 5, 10, 0, 28, 0),
    (153, 1, 75, 1, 6, 12, 0, 24, 0),
    (154, 1, 76, 1, 4, 8, 0, 41, 0),
    (155, 1, 77, 1, 3, 6, 0, 33, 0),
    (156, 1, 78, 1, 3, 7, 0, 58, 0),
    (157, 1, 79, 56, 6, 13, 1, 45, 0),
    (158, 1, 80, 57, 5, 10, 0, 31, 0),
    (159, 1, 81, 58, 5, 9, 0, 28, 0),
    (160, 1, 82, 59, 4, 8, 1, 36, 0),
    (161, 1, 83, 60, 4, 7, 0, 25, 0),
    (162, 1, 84, 61, 3, 6, 0, 22, 0),
    (163, 1, 85, 62, 3, 5, 0, 20, 0),
    (164, 1, 86, 63, 3, 5, 0, 18, 0),
    (165, 1, 87, 64, 2, 4, 0, 16, 0),
    (166, 1, 88, 65, 2, 3, 0, 14, 0),
    (167, 1, 89, 66, 2, 3, 0, 12, 0),
    (168, 1, 90, 67, 1, 2, 0, 10, 0),
    (169, 1, 41, 1, 0, 0, 0, 0, 40),
    (170, 1, 42, 1, 0, 0, 0, 0, 24),
    (171, 1, 55, 1, 0, 0, 0, 0, 22),
    (172, 1, 44, 1, 0, 0, 0, 0, 18),
    (173, 1, 72, 1, 0, 0, 0, 0, 14),
    (174, 1, 75, 1, 0, 0, 0, 0, 12),
    (175, 1, 91, 48, 0, 0, 0, 0, 10),
    (176, 1, 46, 31, 0, 0, 0, 0, 9),
    (177, 1, 79, 56, 0, 0, 0, 0, 8),
    (178, 1, 80, 57, 0, 0, 0, 0, 7),
    (179, 1, 57, 1, 0, 0, 0, 0, 6),
    (180, 1, 41, 1, 0, 35, 0, 30, 90),
    (181, 1, 42, 1, 0, 28, 0, 90, 60),
    (182, 1, 55, 1, 0, 20, 0, 42, 48),
    (183, 1, 44, 1, 0, 12, 0, 18, 30),
    (184, 1, 57, 1, 0, 4, 0, 20, 12),
    (185, 1, 91, 48, 0, 3, 0, 14, 20),
    (186, 1, 46, 31, 0, 4, 0, 18, 18),
    (187, 1, 92, 32, 0, 3, 0, 12, 16),
    (188, 1, 47, 27, 0, 4, 0, 20, 15),
    (189, 1, 62, 54, 0, 3, 0, 16, 14),
    (190, 1, 79, 56, 0, 10, 0, 26, 42),
    (191, 1, 80, 57, 0, 8, 0, 21, 35),
    (192, 1, 81, 58, 0, 7, 0, 19, 32),
    (193, 1, 82, 59, 0, 9, 0, 24, 30),
    (194, 1, 83, 60, 0, 5, 0, 18, 24),
    (195, 1, 84, 61, 0, 4, 0, 16, 22),
    (196, 1, 85, 62, 0, 4, 0, 14, 20),
    (197, 1, 86, 63, 0, 3, 0, 13, 18),
    (198, 1, 87, 64, 0, 3, 0, 12, 16),
    (199, 1, 88, 65, 0, 3, 0, 11, 15),
    (200, 1, 89, 66, 0, 2, 0, 10, 14),
    (201, 1, 90, 67, 0, 2, 0, 9, 12);

-- Carga de dw.fact_segmentacion_actividad (147 registros)
INSERT INTO dw.fact_segmentacion_actividad (sk_fact_segmentacion_actividad, sk_tiempo, sk_ubicacion, sk_dispositivo, usuarios_activos, usuarios_nuevos, sesiones, eventos) VALUES
    (1, 1, 1, 1, 18, 0, 0, 0),
    (2, 1, 2, 1, 14, 0, 0, 0),
    (3, 1, 3, 1, 8, 0, 0, 0),
    (4, 1, 4, 1, 7, 0, 0, 0),
    (5, 1, 5, 1, 6, 0, 0, 0),
    (6, 1, 6, 1, 4, 0, 0, 0),
    (7, 1, 7, 1, 3, 0, 0, 0),
    (8, 1, 8, 1, 3, 0, 0, 0),
    (9, 1, 9, 1, 2, 0, 0, 0),
    (10, 1, 10, 1, 2, 0, 0, 0),
    (11, 1, 11, 1, 2, 0, 0, 0),
    (12, 1, 12, 1, 1, 0, 0, 0),
    (13, 1, 13, 1, 1, 0, 0, 0),
    (14, 1, 14, 1, 1, 0, 0, 0),
    (15, 1, 15, 1, 1, 0, 0, 0),
    (16, 1, 16, 1, 64, 54, 48, 520),
    (17, 1, 17, 1, 7, 6, 4, 24),
    (18, 1, 18, 1, 5, 5, 3, 18),
    (19, 1, 19, 1, 3, 3, 2, 12),
    (20, 1, 20, 1, 2, 2, 1, 8),
    (21, 1, 21, 1, 2, 2, 1, 8),
    (22, 1, 22, 1, 1, 1, 0, 4),
    (23, 1, 23, 1, 1, 1, 0, 4),
    (24, 1, 24, 1, 1, 1, 1, 4),
    (25, 1, 1, 1, 18, 0, 0, 0),
    (26, 1, 2, 1, 14, 0, 0, 0),
    (27, 1, 3, 1, 8, 0, 0, 0),
    (28, 1, 4, 1, 7, 0, 0, 0),
    (29, 1, 5, 1, 6, 0, 0, 0),
    (30, 1, 6, 1, 4, 0, 0, 0),
    (31, 1, 7, 1, 3, 0, 0, 0),
    (32, 1, 8, 1, 3, 0, 0, 0),
    (33, 1, 9, 1, 2, 0, 0, 0),
    (34, 1, 10, 1, 2, 0, 0, 0),
    (35, 1, 11, 1, 2, 0, 0, 0),
    (36, 1, 12, 1, 1, 0, 0, 0),
    (37, 1, 13, 1, 1, 0, 0, 0),
    (38, 1, 14, 1, 1, 0, 0, 0),
    (39, 1, 15, 1, 1, 0, 0, 0),
    (40, 1, 1, 2, 10, 0, 0, 115),
    (41, 1, 1, 2, 8, 0, 0, 95),
    (42, 1, 1, 3, 3, 0, 0, 22),
    (43, 1, 1, 4, 1, 0, 0, 3),
    (44, 1, 2, 2, 9, 0, 0, 62),
    (45, 1, 2, 2, 7, 0, 0, 40),
    (46, 1, 2, 3, 2, 0, 0, 12),
    (47, 1, 2, 4, 0, 0, 0, 0),
    (48, 1, 3, 2, 4, 0, 0, 30),
    (49, 1, 3, 2, 3, 0, 0, 22),
    (50, 1, 3, 3, 1, 0, 0, 8),
    (51, 1, 3, 4, 0, 0, 0, 0),
    (52, 1, 4, 2, 3, 0, 0, 24),
    (53, 1, 4, 2, 2, 0, 0, 16),
    (54, 1, 4, 3, 1, 0, 0, 8),
    (55, 1, 4, 4, 0, 0, 0, 0),
    (56, 1, 5, 2, 3, 0, 0, 18),
    (57, 1, 5, 2, 2, 0, 0, 12),
    (58, 1, 5, 3, 1, 0, 0, 6),
    (59, 1, 5, 4, 0, 0, 0, 0),
    (60, 1, 6, 2, 1, 0, 0, 11),
    (61, 1, 6, 2, 1, 0, 0, 8),
    (62, 1, 6, 3, 0, 0, 0, 0),
    (63, 1, 6, 4, 0, 0, 0, 0),
    (64, 1, 7, 2, 1, 0, 0, 3),
    (65, 1, 7, 2, 1, 0, 0, 3),
    (66, 1, 7, 3, 0, 0, 0, 0),
    (67, 1, 7, 4, 0, 0, 0, 0),
    (68, 1, 8, 2, 1, 0, 0, 3),
    (69, 1, 8, 2, 1, 0, 0, 3),
    (70, 1, 8, 3, 0, 0, 0, 0),
    (71, 1, 8, 4, 0, 0, 0, 0),
    (72, 1, 25, 2, 0, 0, 0, 0),
    (73, 1, 25, 2, 0, 0, 0, 0),
    (74, 1, 25, 3, 3, 0, 0, 12),
    (75, 1, 25, 4, 0, 0, 0, 0),
    (76, 1, 26, 2, 0, 0, 0, 0),
    (77, 1, 26, 2, 0, 0, 0, 0),
    (78, 1, 26, 3, 1, 0, 0, 5),
    (79, 1, 26, 4, 0, 0, 0, 0),
    (80, 1, 27, 2, 0, 0, 0, 0),
    (81, 1, 27, 2, 0, 0, 0, 0),
    (82, 1, 27, 3, 1, 0, 0, 4),
    (83, 1, 27, 4, 0, 0, 0, 0),
    (84, 1, 28, 2, 0, 0, 0, 0),
    (85, 1, 28, 2, 0, 0, 0, 0),
    (86, 1, 28, 3, 1, 0, 0, 4),
    (87, 1, 28, 4, 0, 0, 0, 0),
    (88, 1, 29, 2, 0, 0, 0, 0),
    (89, 1, 29, 2, 0, 0, 0, 0),
    (90, 1, 29, 3, 1, 0, 0, 4),
    (91, 1, 29, 4, 0, 0, 0, 0),
    (92, 1, 9, 2, 2, 0, 0, 14),
    (93, 1, 9, 2, 1, 0, 0, 8),
    (94, 1, 9, 3, 1, 0, 0, 6),
    (95, 1, 9, 4, 0, 0, 0, 0),
    (96, 1, 10, 2, 2, 0, 0, 12),
    (97, 1, 10, 2, 1, 0, 0, 7),
    (98, 1, 10, 3, 1, 0, 0, 5),
    (99, 1, 10, 4, 0, 0, 0, 0),
    (100, 1, 11, 2, 2, 0, 0, 10),
    (101, 1, 11, 2, 1, 0, 0, 6),
    (102, 1, 11, 3, 1, 0, 0, 4),
    (103, 1, 11, 4, 0, 0, 0, 0),
    (104, 1, 12, 2, 1, 0, 0, 6),
    (105, 1, 12, 2, 1, 0, 0, 4),
    (106, 1, 12, 3, 0, 0, 0, 2),
    (107, 1, 12, 4, 0, 0, 0, 0),
    (108, 1, 13, 2, 1, 0, 0, 5),
    (109, 1, 13, 2, 1, 0, 0, 3),
    (110, 1, 13, 3, 0, 0, 0, 2),
    (111, 1, 13, 4, 0, 0, 0, 0),
    (112, 1, 14, 2, 1, 0, 0, 5),
    (113, 1, 14, 2, 1, 0, 0, 3),
    (114, 1, 14, 3, 0, 0, 0, 2),
    (115, 1, 14, 4, 0, 0, 0, 0),
    (116, 1, 15, 2, 1, 0, 0, 4),
    (117, 1, 15, 2, 1, 0, 0, 3),
    (118, 1, 15, 3, 0, 0, 0, 1),
    (119, 1, 15, 4, 0, 0, 0, 0),
    (120, 1, 30, 2, 0, 0, 0, 0),
    (121, 1, 30, 2, 0, 0, 0, 0),
    (122, 1, 30, 3, 1, 0, 0, 4),
    (123, 1, 30, 4, 0, 0, 0, 0),
    (124, 1, 31, 2, 0, 0, 0, 0),
    (125, 1, 31, 2, 0, 0, 0, 0),
    (126, 1, 31, 3, 1, 0, 0, 4),
    (127, 1, 31, 4, 0, 0, 0, 0),
    (128, 1, 32, 2, 0, 0, 0, 0),
    (129, 1, 32, 2, 0, 0, 0, 0),
    (130, 1, 32, 3, 1, 0, 0, 4),
    (131, 1, 32, 4, 0, 0, 0, 0),
    (132, 1, 33, 2, 2, 0, 0, 8),
    (133, 1, 33, 2, 1, 0, 0, 3),
    (134, 1, 33, 3, 1, 0, 0, 5),
    (135, 1, 33, 4, 0, 0, 0, 0),
    (136, 1, 34, 2, 2, 0, 0, 10),
    (137, 1, 34, 2, 1, 0, 0, 5),
    (138, 1, 34, 3, 1, 0, 0, 5),
    (139, 1, 34, 4, 0, 0, 0, 0),
    (140, 1, 35, 2, 3, 0, 0, 12),
    (141, 1, 35, 2, 1, 0, 0, 6),
    (142, 1, 35, 3, 1, 0, 0, 6),
    (143, 1, 35, 4, 0, 0, 0, 0),
    (144, 1, 36, 2, 1, 0, 0, 2),
    (145, 1, 36, 2, 1, 0, 0, 2),
    (146, 1, 36, 3, 0, 0, 0, 0),
    (147, 1, 36, 4, 0, 0, 0, 0);

-- Carga de dw.fact_oferta_catalogo (70 registros)
INSERT INTO dw.fact_oferta_catalogo (sk_fact_oferta_catalogo, sk_tiempo, sk_producto, sk_categoria, producto_publicado, precio_usd, valor_comercial_potencial_usd) VALUES
    (1, 1, 2, 1, 1, 8.6, 8.6),
    (2, 1, 3, 1, 1, 8, 8),
    (3, 1, 4, 2, 1, 2.15, 2.15),
    (4, 1, 5, 3, 1, 6.5, 6.5),
    (5, 1, 6, 2, 1, 8.2, 8.2),
    (6, 1, 6, 4, 1, 8.2, 8.2),
    (7, 1, 7, 2, 1, 12.61, 12.61),
    (8, 1, 8, 2, 1, 8.5, 8.5),
    (9, 1, 9, 5, 1, 19.6, 19.6),
    (10, 1, 10, 4, 1, 13, 13),
    (11, 1, 11, 5, 1, 6.4, 6.4),
    (12, 1, 12, 6, 1, 39, 39),
    (13, 1, 13, 3, 1, 9.4, 9.4),
    (14, 1, 14, 3, 1, 10.5, 10.5),
    (15, 1, 15, 7, 1, 2.4, 2.4),
    (16, 1, 15, 8, 1, 2.4, 2.4),
    (17, 1, 16, 6, 1, 53, 53),
    (18, 1, 17, 7, 1, 5.5, 5.5),
    (19, 1, 18, 3, 1, 4.3, 4.3),
    (20, 1, 19, 3, 1, 3.9, 3.9),
    (21, 1, 20, 3, 1, 4.5, 4.5),
    (22, 1, 21, 3, 1, 9.8, 9.8),
    (23, 1, 22, 5, 1, 12.5, 12.5),
    (24, 1, 23, 5, 1, 8.6, 8.6),
    (25, 1, 24, 9, 1, 3.7, 3.7),
    (26, 1, 25, 6, 1, 6.3, 6.3),
    (27, 1, 26, 5, 1, 8.7, 8.7),
    (28, 1, 27, 2, 1, 8.26, 8.26),
    (29, 1, 27, 4, 1, 8.26, 8.26),
    (30, 1, 28, 5, 1, 4.17, 4.17),
    (31, 1, 29, 10, 1, 26.4, 26.4),
    (32, 1, 30, 9, 1, 6.14, 6.14),
    (33, 1, 31, 5, 1, 11.5, 11.5),
    (34, 1, 32, 1, 1, 3.5, 3.5),
    (35, 1, 33, 1, 1, 5.7, 5.7),
    (36, 1, 34, 5, 1, 4.4, 4.4),
    (37, 1, 35, 5, 1, 3.3, 3.3),
    (38, 1, 36, 1, 1, 5.3, 5.3),
    (39, 1, 37, 4, 1, 12, 12),
    (40, 1, 38, 8, 1, 17.58, 17.58),
    (41, 1, 39, 5, 1, 9.9, 9.9),
    (42, 1, 40, 1, 1, 3.3, 3.3),
    (43, 1, 41, 5, 1, 4.3, 4.3),
    (44, 1, 42, 4, 1, 22, 22),
    (45, 1, 43, 2, 1, 12.7, 12.7),
    (46, 1, 44, 2, 1, 12.1, 12.1),
    (47, 1, 45, 4, 1, 25, 25),
    (48, 1, 46, 4, 1, 31.7, 31.7),
    (49, 1, 47, 2, 1, 7.7, 7.7),
    (50, 1, 48, 7, 1, 4.4, 4.4),
    (51, 1, 49, 9, 1, 14, 14),
    (52, 1, 50, 1, 1, 7.9, 7.9),
    (53, 1, 51, 1, 1, 6.2, 6.2),
    (54, 1, 52, 2, 1, 8.7, 8.7),
    (55, 1, 53, 5, 1, 11.8, 11.8),
    (56, 1, 54, 3, 1, 5, 5),
    (57, 1, 55, 2, 1, 5.4, 5.4),
    (58, 1, 56, 5, 1, 18.9, 18.9),
    (59, 1, 57, 4, 1, 5.95, 5.95),
    (60, 1, 58, 5, 1, 6.75, 6.75),
    (61, 1, 59, 4, 1, 15.4, 15.4),
    (62, 1, 59, 3, 1, 15.4, 15.4),
    (63, 1, 60, 4, 1, 7.2, 7.2),
    (64, 1, 61, 5, 1, 8.9, 8.9),
    (65, 1, 62, 3, 1, 6.8, 6.8),
    (66, 1, 63, 2, 1, 9.6, 9.6),
    (67, 1, 64, 4, 1, 4.1, 4.1),
    (68, 1, 65, 4, 1, 5.2, 5.2),
    (69, 1, 66, 5, 1, 4.8, 4.8),
    (70, 1, 67, 5, 1, 10.5, 10.5);

COMMIT;

-- Validacion rapida de carga
SELECT 'dim_tiempo' AS tabla, COUNT(*) AS registros FROM dw.dim_tiempo
UNION ALL SELECT 'dim_fuente_trafico', COUNT(*) FROM dw.dim_fuente_trafico
UNION ALL SELECT 'dim_pagina', COUNT(*) FROM dw.dim_pagina
UNION ALL SELECT 'dim_producto', COUNT(*) FROM dw.dim_producto
UNION ALL SELECT 'dim_categoria', COUNT(*) FROM dw.dim_categoria
UNION ALL SELECT 'dim_ubicacion', COUNT(*) FROM dw.dim_ubicacion
UNION ALL SELECT 'dim_dispositivo', COUNT(*) FROM dw.dim_dispositivo
UNION ALL SELECT 'fact_acceso_trafico', COUNT(*) FROM dw.fact_acceso_trafico
UNION ALL SELECT 'fact_interaccion_pagina', COUNT(*) FROM dw.fact_interaccion_pagina
UNION ALL SELECT 'fact_segmentacion_actividad', COUNT(*) FROM dw.fact_segmentacion_actividad
UNION ALL SELECT 'fact_oferta_catalogo', COUNT(*) FROM dw.fact_oferta_catalogo;